timestamp,buyPrice,timestamp2,sellPrice,buyGradient,buyGradient_norm,buyGradient2,buyGradient_roll1dmean,diurnal_range,diurnal,next_time,gain
2022-01-23 00:00:00,3276.73769847,2022-01-23 00:00:00,0,,,,-1.0498972684405368,0.01312445993270716,0.03238986816767468,2022-01-21 06:00:00,-0.2092127041974568
2022-01-23 00:00:00,3276.73769847,2022-01-23 00:00:00,0,,,,-1.0498972684405368,0.01312445993270716,0.03238986816767468,2022-01-21 06:00:00,-0.2092127041974568
2022-01-23 00:00:00,3276.73769847,2022-01-23 00:00:00,0,-0.0001149600703858026,-1.2296549287744893,-0.00029542677904321004,-1.0498972684405368,0.01312445993270716,0.03238986816767468,2022-01-21 06:00:00,-0.2092127041974568
2022-01-22 21:00:00,3351.23182408,2022-01-22 21:00:00,0,0.00018046670865740742,1.930337873276882,0.0003691524519290123,-0.9245623705619338,0.03615706971774747,0.08923206954739031,2022-01-21 06:00:00,-0.19123475980117108
2022-01-22 18:00:00,3234.28939687,2022-01-22 18:00:00,0,-0.0001886857432716049,-2.0182516714260887,-3.266693475308666e-05,-0.998499137712423,0.0,0.0,2022-01-21 06:00:00,-0.21945691069874262
2022-01-22 15:00:00,3356.55775851,2022-01-22 15:00:00,0,-0.00015601880851851823,-1.668834198104426,-5.9981635069443967e-05,-0.9072294087136388,0.0,0.0,2022-01-21 06:00:00,-0.1899494322366584
2022-01-22 12:00:00,3457.65794643,2022-01-22 12:00:00,0,-9.603717344907427e-05,-1.0272487071459637,-0.00011663894974536978,-0.7956075063175001,0.0,0.0,2022-01-21 06:00:00,-0.16555054786830756
2022-01-22 10:00:00,3499.14600536,2022-01-22 10:00:00,0,2.0601776296295517e-05,0.22036412885997875,0.00021847610436728288,-0.7346341256590877,0.0025499541473871486,0.008439300182540377,2022-01-21 06:00:00,-0.1555380803019624
2022-01-22 08:00:00,3490.246038,2022-01-22 08:00:00,0,-0.00019787432807098738,-2.116536132709947,-5.054989660493417e-07,-0.7208194418403258,0.0,0.0,2022-01-21 06:00:00,-0.15768594252622017
2022-01-22 05:00:00,3618.46860259,2022-01-22 05:00:00,0,-0.00019736882910493804,-2.1111291310179077,-0.00012304938106481454,-0.607386843055995,0.0,0.0,2022-01-21 06:00:00,-0.12674151412099938
2022-01-22 02:00:00,3746.36360385,2022-01-22 02:00:00,0,-7.431944804012348e-05,-0.7949479787168223,-0.00011827621729938292,-0.470796967988344,0.0,0.0,2022-01-21 06:00:00,-0.09587613779249979
2022-01-21 23:00:00,3794.52260618,2022-01-21 23:00:00,0,4.395676925925943e-05,0.4701776694399678,0.00022194619378086458,-0.49588934621812875,0.007563381408518091,0.03657451105034821,2022-01-21 06:00:00,-0.08425374664447736
2022-01-21 20:00:00,3766.0386197,2022-01-21 20:00:00,0,-0.00017798942452160516,-1.9038399367556087,-0.00022896832262345675,-0.49029803069026184,0.0,0.0,2022-01-21 06:00:00,-0.09112789304097194
2022-01-21 17:00:00,3881.37576679,2022-01-21 17:00:00,0,5.097889810185159e-05,0.5452889260076162,7.31897878472213e-05,-0.344241539786556,0.008584042366823072,0.04742968347591422,2022-01-21 06:00:00,-0.06329315036520984
2022-01-21 14:00:00,3848.34144082,2022-01-21 14:00:00,0,-2.2210889745369716e-05,-0.2375757944145587,0.0001628776596527791,-0.3809721658582345,0.0,0.0,2022-01-21 06:00:00,-0.07126544711470965
2022-01-21 12:00:00,3857.93654519,2022-01-21 12:00:00,0,-0.0001850885493981488,-1.9797747710431282,0.00010251932643518452,-0.3881419844304183,0.0,0.0,2022-01-21 06:00:00,-0.06894982489043515
2022-01-21 10:00:00,3937.89479853,2022-01-21 10:00:00,0,-0.0002876078758333333,-3.076358955643924,-9.895421444444444e-05,-0.38705116953654517,0.0,0.0,2022-01-21 03:00:00,-0.09320668076280857
2022-01-21 08:00:00,4062.14140089,2022-01-21 08:00:00,0,-0.00018865366138888889,-2.0179085118831823,0.00011847583199074086,-0.23987829375539774,0.0,0.0,2022-01-21 03:00:00,-0.06459596495597045
2022-01-21 06:00:00,4143.63978261,2022-01-21 06:00:00,0,-0.00030712949337962975,-3.2851693117344727,-0.0002635458331018516,-0.0800502831704818,0.0,0.0,2022-01-17 22:00:00,-0.05952913752146342
2022-01-21 03:00:00,4342.65969432,2022-01-21 03:00:00,0,-4.3583660277778124e-05,-0.46618675940912996,-0.000120170431003087,0.0832448664203225,0.04762362896623259,0.4940431319000241,2022-01-11 04:00:00,0.05080371212419188
2022-01-21 01:00:00,4361.48783556,2022-01-21 01:00:00,0,7.658677072530888e-05,0.8192000908249997,-3.108607691358091e-05,0.11216232041134633,0.05216573151189991,0.541162484536163,2022-01-11 04:00:00,0.05535960231592581
2022-01-20 22:00:00,4311.85960813,2022-01-20 22:00:00,0,0.00010767284763888979,1.151708130918966,5.8540336388889324e-05,0.034915551124268175,0.040193413306220324,0.4169627603481655,2022-01-06 02:00:00,-0.15128407257093882
2022-01-20 19:00:00,4242.08760286,2022-01-20 19:00:00,0,4.913251125000047e-05,0.5255392974175876,7.569544245370497e-05,-0.06993777290465893,0.0233616082590015,0.23480712866820452,2022-01-17 11:00:00,-0.050925791794962885
2022-01-20 17:00:00,4220.862357999999,2022-01-20 17:00:00,0,-2.6562931203704496e-05,-0.2841268204491877,-6.881858787037092e-05,-0.08122046098606062,0.018241228212871236,0.18334227560704786,2022-01-17 11:00:00,-0.05567447554347423
2022-01-20 14:00:00,4238.07513742,2022-01-20 14:00:00,0,4.2255656666666425e-05,0.45198194742220643,2.9985551874999687e-05,-0.09989371717322831,0.022393640722689106,0.22507810336627682,2022-01-17 11:00:00,-0.05182349307247784
2022-01-20 12:00:00,4219.82069374,2022-01-20 12:00:00,0,1.2270104791666738e-05,0.13124552536387302,-3.287075377314792e-05,-0.12748750040300005,0.017989937029808396,0.180816552185079,2022-01-17 11:00:00,-0.05590752511135865
2022-01-20 10:00:00,4214.52000847,2022-01-20 10:00:00,0,4.514085856481466e-05,0.4828431214164565,9.205656004629688e-05,-0.18864021937775663,0.01671119922177142,0.1679639801491215,2022-01-17 15:00:00,-0.050004074102146794
2022-01-20 08:00:00,4195.01915757,2022-01-20 08:00:00,0,-4.6915701481482216e-05,-0.5018274899276842,-4.066347412037183e-05,-0.23179601275645334,0.01200681213509542,0.12068026527300432,2022-01-17 17:00:00,-0.050512119383896596
2022-01-20 06:00:00,4215.28674061,2022-01-20 06:00:00,0,-6.252227361110384e-06,-0.0668761089359734,-6.427832709876406e-05,-0.13293716149502116,0.016896165754609085,0.1698230756357771,2022-01-17 11:00:00,-0.05692189784001048
2022-01-20 03:00:00,4219.33818394,2022-01-20 03:00:00,0,5.802609973765368e-05,0.6206683703351128,0.00017926312603394915,-0.1832292194274529,0.017873536320733945,0.17964661063098314,2022-01-17 11:00:00,-0.05601547611314314
2022-01-20 00:00:00,4181.73727131,2022-01-20 00:00:00,0,-0.00012123702629629548,-1.2967955433125173,-0.00017564840378086284,-0.26417702001025595,0.008802688657168498,0.08847567450128328,2022-01-17 22:00:00,-0.05088225218979804
2022-01-19 22:00:00,4234.11166667,2022-01-19 22:00:00,0,5.441137748456735e-05,0.5820039799973058,-4.069474832561757e-05,-0.2125460938451429,0.021437492669953734,0.21546787549345983,2022-01-17 11:00:00,-0.05271023286098762
2022-01-19 19:00:00,4198.85309406,2022-01-19 19:00:00,0,9.510612581018492e-05,1.017289881318509,6.61262566898131e-05,-0.24461467628219508,0.012931711330888628,0.12997641141431526,2022-01-17 15:00:00,-0.053535556888081696
2022-01-19 17:00:00,4157.76724771,2022-01-19 17:00:00,0,2.8979869120371824e-05,0.3099792717550888,0.00011127651787037156,-0.30621808579948545,0.003020157932257475,0.030355556190128044,2022-01-17 22:00:00,-0.05632266447257695
2022-01-19 15:00:00,4145.24794425,2022-01-19 15:00:00,0,-8.229664874999974e-05,-0.880275033039278,0.0001007523015046313,-0.34420480725011576,0.0,0.0,2022-01-17 22:00:00,-0.05916413736606314
2022-01-19 12:00:00,4198.57617264,2022-01-19 12:00:00,0,-0.00018304895025463103,-1.9579584731656645,-0.0001706240344984581,-0.3252239065924753,0.0,0.0,2022-01-17 15:00:00,-0.05359797780915119
2022-01-19 10:00:00,4277.65331915,2022-01-19 10:00:00,0,-1.2424915756172942e-05,-0.13290144002097554,-0.00012261670956790124,-0.25775349173201056,0.015032847978287344,0.18450357298265044,2022-01-17 07:00:00,-0.05676389918177537
2022-01-19 07:00:00,4285.70466456,2022-01-19 07:00:00,0,0.0001101917938117283,1.1786516998151366,0.0001119929962808637,-0.3027351022464998,0.016943330070181874,0.2079516097474091,2022-01-17 07:00:00,-0.05498855202662578
2022-01-19 04:00:00,4214.30038217,2022-01-19 04:00:00,0,-1.8012024691353963e-06,-0.019266319918386652,3.7973279753085664e-05,-0.32662954590885374,0.0,0.0,2022-01-17 15:00:00,-0.05005358011701926
2022-01-19 01:00:00,4215.46756137,2022-01-19 01:00:00,0,-3.977448222222106e-05,-0.4254423987378457,-2.2186211134255614e-05,-0.3656075449654889,0.0,0.0,2022-01-17 11:00:00,-0.05688144315456078
2022-01-18 23:00:00,4232.65013769,2022-01-18 23:00:00,0,-1.7588271087965445e-05,-0.1881305757673712,7.079299740740276e-05,-0.3280770312534004,0.0,0.0,2022-01-17 11:00:00,-0.05303721796580426
2022-01-18 21:00:00,4240.248270800001,2022-01-18 21:00:00,0,-8.838126849536821e-05,-0.9453583496595759,-0.00011641747726851557,-0.27292089078127774,0.0003576005423323111,0.004752569473876703,2022-01-17 11:00:00,-0.05133730206582403
2022-01-18 19:00:00,4278.42897879,2022-01-18 19:00:00,0,2.8036208773147354e-05,0.2998855357895538,0.00012381878203703527,-0.23929901783736285,0.010460191611259603,0.13689539602499298,2022-01-17 07:00:00,-0.05659286377525473
2022-01-18 17:00:00,4266.3173366,2022-01-18 17:00:00,0,-9.578257326388792e-05,-1.024525410513223,-0.00012074803929783754,-0.27816855315388833,0.007599718211162345,0.09945959623488589,2022-01-17 09:00:00,-0.05014884125074543
2022-01-18 15:00:00,4307.69540825,2022-01-18 15:00:00,0,2.4965466033949616e-05,0.2670397491474529,0.0001270383482561706,-0.2548205595832625,0.021311903695594395,0.26448648314185275,2022-01-17 07:00:00,-0.050139523415684104
2022-01-18 12:00:00,4291.51778626,2022-01-18 12:00:00,0,-0.00010207288222222098,-1.0918088541312587,-6.652129726851778e-05,-0.21391471406459373,0.017476349798206333,0.2168862229440318,2022-01-17 07:00:00,-0.05370674028621589
2022-01-18 10:00:00,4335.61327138,2022-01-18 10:00:00,0,-3.5551584953703204e-05,-0.3802727461574781,-0.00017348157039351607,-0.19217602652490656,0.027930952453268,0.3466306666304182,2022-01-06 02:00:00,-0.14660856961693514
2022-01-18 08:00:00,4350.97155608,2022-01-18 08:00:00,0,0.00013792998543981285,1.4753495353009594,0.0002626234743287004,-0.18604455489342003,0.03178539442414954,0.39337534969046417,2022-01-11 04:00:00,0.05281495311631804
2022-01-18 06:00:00,4291.38580237,2022-01-18 06:00:00,0,-0.00012469348888888756,-1.3337671304804948,-0.0001319689174999985,-0.28284581788264807,0.030194613709947745,0.32081281769571574,2022-01-17 07:00:00,-0.05373584315184948
2022-01-18 04:00:00,4345.25338957,2022-01-18 04:00:00,0,7.275428611110946e-06,0.07782064346843305,0.00010817282629629634,-0.23029975225275573,0.04312612365630183,0.4582079896559138,2022-01-11 04:00:00,0.05143131474301631
2022-01-18 01:00:00,4340.53891183,2022-01-18 01:00:00,0,-0.0001008973976851854,-1.0792354419037509,-9.53471321450611e-05,-0.2231795030067398,0.050290541332565025,0.4890635050182595,2022-01-11 04:00:00,0.050290541332565025
2022-01-17 22:00:00,4405.92042553,2022-01-17 22:00:00,0,-5.550265540124302e-06,-0.05936766874373729,1.452929413580006e-05,-0.09437554648754498,0.07388551687492866,0.6664006699968689,2022-01-11 08:00:00,0.05768991646216509
2022-01-17 19:00:00,4409.516997600001,2022-01-17 19:00:00,0,-2.007955967592436e-05,-0.21477830902729836,2.1967915046298426e-05,-0.0867862176048783,0.08312967661827293,0.6955224865960278,2022-01-11 08:00:00,0.058553313356540786
2022-01-17 17:00:00,4418.19136738,2022-01-17 17:00:00,0,-4.204747472222279e-05,-0.4497551572575182,-0.00014347506206018612,-0.08069135610857259,0.0852604014436431,0.7133496584205791,2022-01-11 08:00:00,0.06063569173877535
2022-01-17 15:00:00,4436.35587646,2022-01-17 15:00:00,0,0.00010142758733796334,1.0849065442050605,0.00028006653472222406,-0.0553151185879898,0.08972223226467377,0.7506805346329847,2022-01-11 17:00:00,0.051816026031231956
2022-01-17 13:00:00,4392.53915873,2022-01-17 13:00:00,0,-0.0001786389473842607,-1.9107874706840045,-0.00012805356284722525,-0.10943713975097184,0.07895933298767809,0.6606304012432783,2022-01-11 08:00:00,0.054477595403927305
2022-01-17 11:00:00,4469.711184000001,2022-01-17 11:00:00,0,-5.0585384537035444e-05,-0.5410797610959048,5.015119393518758e-05,-0.01936962320432022,0.09791544786832548,0.819230851700098,2022-01-11 23:00:00,0.054492395158709246
2022-01-17 09:00:00,4491.56407012,2022-01-17 09:00:00,0,-0.00010073657847222302,-1.0775152608252498,-0.00016401680052469326,0.018138849050450455,0.1032832714846566,0.8641419133223304,2022-01-11 23:00:00,0.059647918922369175
2022-01-17 07:00:00,4535.08227202,2022-01-17 07:00:00,0,6.328022205247022e-05,0.6768683829057043,0.00014160629472222456,0.06866284122000321,0.11397284496325098,0.9535785505009314,2022-01-11 23:00:00,0.06991471493344041
2022-01-17 04:00:00,4494.07668813,2022-01-17 04:00:00,0,-7.832607266975432e-05,-0.8378043001077258,-0.00011223463626543344,0.039328537785138264,0.10390045725219473,0.8693057320353631,2022-01-11 23:00:00,0.060240694713558515
2022-01-17 01:00:00,4544.83198322,2022-01-17 01:00:00,0,3.390856359567913e-05,0.36269838921601283,-5.679031685185187e-05,0.13154341018176907,0.11636771078300524,0.9736157152991063,2022-01-11 23:00:00,0.07221486272647816
2022-01-16 22:00:00,4522.85923401,2022-01-16 22:00:00,0,9.0698880447531e-05,0.9701483741472051,0.00013534069558641877,0.19294185192802246,0.11097044465177244,0.9284583164840795,2022-01-11 23:00:00,0.06703106091270204
2022-01-16 19:00:00,4464.08635948,2022-01-16 19:00:00,0,-4.4641815138887794e-05,-0.47750517054095615,7.484819837964516e-06,0.16759035981386777,0.09653379668823057,0.8076709671500755,2022-01-11 23:00:00,0.053165388907908354
2022-01-16 17:00:00,4483.37162362,2022-01-16 17:00:00,0,-5.212663497685231e-05,-0.557565539100706,-0.00010932824560185323,0.1109118188636902,0.10127092366218822,0.8473051683918003,2022-01-11 23:00:00,0.05771516036675625
2022-01-16 15:00:00,4505.89032993,2022-01-16 15:00:00,0,5.7201610625000925e-05,0.6118493334495928,3.2951073148149555e-05,0.10448407215128441,0.10680229571420381,0.8935845935069944,2022-01-11 23:00:00,0.06302776415147265
2022-01-16 13:00:00,4481.17923414,2022-01-16 13:00:00,0,2.425053747685137e-05,0.2593926120066421,8.364420879629548e-05,0.07983547026358576,0.10073239708211462,0.8427994688473308,2022-01-11 23:00:00,0.05719793275657826
2022-01-16 11:00:00,4470.70300195,2022-01-16 11:00:00,0,-5.939367131944411e-05,-0.6352964157978286,-3.587990467592464e-05,0.08222557422723503,0.09815907261362784,0.8212691910217714,2022-01-11 23:00:00,0.05472638443510809
2022-01-16 09:00:00,4496.36106796,2022-01-16 09:00:00,0,-2.3513766643519474e-05,-0.25151184189626,2.860458966820878e-05,0.13832466259248977,0.10446157983951845,0.8740004859800068,2022-01-11 23:00:00,0.06077962464867644
2022-01-16 07:00:00,4506.51901515,2022-01-16 07:00:00,0,-5.2118356311728255e-05,-0.5574769874728295,-9.719411175154284e-05,0.1276677550139142,0.10695672251863704,0.8948766388918175,2022-01-11 23:00:00,0.06317608330592091
2022-01-16 04:00:00,4540.29171004,2022-01-16 04:00:00,0,4.5075755439814583e-05,0.48214675459738354,9.042766773148127e-05,0.14678886898831195,0.11525246287175123,0.964284751533082,2022-01-11 23:00:00,0.07114372337470265
2022-01-16 02:00:00,4520.81898369,2022-01-16 02:00:00,0,-4.535191229166668e-05,-0.48510062921537195,-0.00019733322291666706,0.08896576755275162,0.11046928870418794,0.9242652864493669,2022-01-11 23:00:00,0.06654972590959003
2022-01-16 00:00:00,4540.4110098,2022-01-16 00:00:00,0,0.0001519813106250004,1.6256476449993404,0.00012478099081018475,0.1176690873911578,0.11528176701334765,0.9645299309955777,2022-01-11 23:00:00,0.07117186852424043
2022-01-15 22:00:00,4474.75508361,2022-01-15 22:00:00,0,2.720031981481565e-05,0.2909445619882043,5.316451692901387e-05,-0.09522994710095713,0.09915440382573465,0.8295968456908742,2022-01-11 23:00:00,0.05568234984744337
2022-01-15 20:00:00,4463.00454545,2022-01-15 20:00:00,0,-2.5964197114198225e-05,-0.27772254180081957,-3.373747587963048e-05,-0.0653598174740939,0.09626806579727051,0.8054476719615881,2022-01-11 23:00:00,0.05291016779391439
2022-01-15 17:00:00,4479.82934518,2022-01-15 17:00:00,0,7.773278765432258e-06,0.08314583067472016,1.2602573379630497e-05,-0.05691009140224631,0.10040081772920346,0.8400252382064531,2022-01-11 23:00:00,0.05687946751709619
2022-01-15 14:00:00,4474.79226054,2022-01-15 14:00:00,0,-4.8292946141982386e-06,-0.05165590021756233,-2.4377026442902976e-05,-0.06428145572208666,0.09916353576381096,0.8296732500333023,2022-01-11 23:00:00,0.05569112061323707
2022-01-15 11:00:00,4477.92164345,2022-01-15 11:00:00,0,1.9547731828704737e-05,0.2090896839995087,2.5814852893520143e-05,-0.064982875472338,0.09993222029346997,0.8361046160294838,2022-01-11 23:00:00,0.056429403321960545
2022-01-15 09:00:00,4469.4770233,2022-01-15 09:00:00,0,-6.267121064815405e-06,-0.06703541743419476,-1.4698238564816208e-05,-0.0811047907353878,0.09785792991263859,0.8187496152368917,2022-01-11 23:00:00,0.054437152064193486
2022-01-15 07:00:00,4472.1844196,2022-01-15 07:00:00,0,8.431117500000804e-06,0.0901823142084053,-7.421760428240496e-05,-0.08198412656671238,0.09852295995572333,0.8243137334681141,2022-01-11 23:00:00,0.05507587986818466
2022-01-15 04:00:00,4466.72105546,2022-01-15 04:00:00,0,8.264872178240576e-05,0.884040934870529,5.8902747175923034e-05,-0.09346188928505356,0.0971809690216987,0.8130856749769427,2022-01-11 23:00:00,0.05378696528277789
2022-01-15 02:00:00,4431.01680765,2022-01-15 02:00:00,0,2.374597460648273e-05,0.25399562313613055,-0.0001307051488657399,-0.1632835195818809,0.08841077255678165,0.7397079222734759,2022-01-11 17:00:00,0.05055018571209993
2022-01-15 00:00:00,4420.75854662,2022-01-15 00:00:00,0,0.00015445112347222263,1.6520656658873343,0.00011352441425926027,-0.19538191517557407,0.08589098933378063,0.7186256089018949,2022-01-11 08:00:00,0.06125197150183354
2022-01-14 22:00:00,4354.03566128,2022-01-14 22:00:00,0,4.092670921296236e-05,0.43776703974995673,0.00019684457993055402,-0.21159533130481895,0.06950154412681417,0.5814997574851581,2022-01-11 04:00:00,0.05355638195144193
2022-01-14 19:00:00,4327.51515371,2022-01-14 19:00:00,0,-0.00015591787071759166,-1.6677545304946857,-9.117174539351548e-05,-0.16821228108362146,0.06298719146558605,0.5269960117012502,2022-01-06 02:00:00,-0.1482025457834514
2022-01-14 17:00:00,4394.87167386,2022-01-14 17:00:00,0,-6.474612532407618e-05,-0.6925482200612278,-7.355553763889274e-05,-0.04325042696603277,0.07953227926724539,0.6654240806759611,2022-01-11 08:00:00,0.0550375414525896
2022-01-14 15:00:00,4422.842000000001,2022-01-14 15:00:00,0,8.809412314816553e-06,0.09422869380792116,-2.013357731481179e-05,0.04672334159661626,0.08640275744510839,0.72290742790843,2022-01-11 08:00:00,0.06175212752341686
2022-01-14 13:00:00,4419.03633388,2022-01-14 13:00:00,0,2.8942989629628342e-05,0.30958479524327714,-2.1801764814817045e-05,0.05444104526445814,0.08546795440066678,0.7150861952945567,2022-01-11 08:00:00,0.06083853529028835
2022-01-14 10:00:00,4400.281276600001,2022-01-14 10:00:00,0,5.074475444444539e-05,0.542784439872521,9.518105402777884e-05,0.028393736345530773,0.08086106454454439,0.6765416511732347,2022-01-11 08:00:00,0.05633617640682322
2022-01-14 08:00:00,4378.35954268,2022-01-14 08:00:00,0,-4.4436299583333455e-05,-0.4753069010463471,-2.9858114660493896e-05,-0.038180891237567134,0.07547632953057229,0.5770400352968379,2022-01-11 08:00:00,0.05107362178050768
2022-01-14 06:00:00,4397.5560241,2022-01-14 06:00:00,0,-1.4578184922839558e-05,-0.1559335940104771,5.3869212160492796e-05,0.001980263792587665,0.08019164840199747,0.6130901159635308,2022-01-11 08:00:00,0.055681949409812276
2022-01-14 03:00:00,4407.00268793,2022-01-14 03:00:00,0,-6.844739708333235e-05,-0.732138375549383,0.0001776486295601861,0.013139474063901932,0.08251207532060975,0.5463331705794582,2022-01-11 08:00:00,0.057949725518364435
2022-01-14 00:00:00,4451.35660124,2022-01-14 00:00:00,0,-0.00024609602664351846,-2.6323330448429583,-0.00032914733560956765,0.2751963564692866,0.09340692838645849,0.6184707285712366,2022-01-11 23:00:00,0.05016218966220748
2022-01-13 22:00:00,4557.67008475,2022-01-13 22:00:00,0,8.305130896604921e-05,0.8883471545254689,9.321625897067894e-05,0.500875981657317,0.11952119193891166,0.7913798251916159,2022-01-11 23:00:00,0.0752436222758915
2022-01-13 19:00:00,4503.85283654,2022-01-13 19:00:00,0,-1.0164950004629721e-05,-0.10872802036386767,-0.00014491083714969111,0.4493142869276296,0.10630181696384998,0.7038510239205098,2022-01-11 23:00:00,0.06254707956213446
2022-01-12 23:00:00,4547.76542056,2022-01-12 23:00:00,0,0.0001347458871450614,1.4412912562071505,4.109288938271524e-05,0.4541182151328448,0.11708826431283248,0.4362198470884801,2022-01-11 23:00:00,0.07290691803818984
2022-01-12 20:00:00,4460.45008569,2022-01-12 20:00:00,0,9.365299776234616e-05,1.0017466926255238,5.745967552469142e-05,0.24248255614917547,0.09564060225074417,0.35631520489365864,2022-01-11 23:00:00,0.05230752071454594
2022-01-12 17:00:00,4399.76294314,2022-01-12 17:00:00,0,3.619332223765474e-05,0.3871370026905605,1.872560031635916e-05,0.10149968931661911,0.08073374394384902,0.29084029195852773,2022-01-11 08:00:00,0.05621174472829566
2022-01-12 14:00:00,4376.30967033,2022-01-12 14:00:00,0,1.746772192129558e-05,0.18684113782202386,1.7746593449072845e-05,0.06513055161651678,0.07497281008008073,0.270086743255801,2022-01-11 08:00:00,0.05058152725649701
2022-01-12 12:00:00,4368.76361446,2022-01-12 12:00:00,0,-2.7887152777726373e-07,-0.00298291178385129,2.3664877546296896e-05,0.06631604924182961,0.07311923812227566,0.2634093196279669,2022-01-11 04:00:00,0.05712013987006906
2022-01-12 10:00:00,4368.88408696,2022-01-12 10:00:00,0,-2.394374907407416e-05,-0.25611109112465386,-2.4563301512345766e-05,0.06880557456548994,0.07314883032932173,0.26351592444667765,2022-01-11 04:00:00,0.05714929088790595
2022-01-12 07:00:00,4384.39963636,2022-01-12 07:00:00,0,6.195524382716076e-07,0.006626959315510479,2.678482716049406e-06,0.02854457749855019,0.07695998515950465,0.2772454671305953,2022-01-11 08:00:00,0.0525236130565199
2022-01-12 04:00:00,4383.99816638,2022-01-12 04:00:00,0,-2.0589302777777985e-06,-0.02202307075470588,-0.00022760696499999977,0.05183158094443188,0.07686137026589021,0.27689021066595976,2022-01-11 08:00:00,0.05242723574858039
2022-01-12 02:00:00,4384.88762426,2022-01-12 02:00:00,0,0.00022554803472222195,2.4125442133152326,0.0002184594159259253,0.05593461714993954,0.07707985184254687,0.2776772823715229,2022-01-11 08:00:00,0.052640759947824335
2022-01-11 23:00:00,4238.73249776,2022-01-11 23:00:00,0,7.088618796296661e-06,0.07582245741340603,-1.8116841712962866e-05,0.022315972607308096,0.04117910466588119,0.14443403362850268,2022-01-06 02:00:00,-0.16567789540804143
2022-01-11 20:00:00,4234.13907278,2022-01-11 20:00:00,0,2.5205460509259527e-05,0.2696068177692195,4.104120078703857e-05,0.0019373275450167572,0.04005080083671671,0.13815804134115306,2022-01-06 02:00:00,-0.16658203267044813
2022-01-11 17:00:00,4217.80593437,2022-01-11 17:00:00,0,-1.583574027777904e-05,-0.16938486570175693,-1.5174122515434417e-05,-0.05264527794880582,0.03603881790665572,0.12431842535516704,2022-01-06 02:00:00,-0.16979693203482757
2022-01-11 15:00:00,4224.64697417,2022-01-11 15:00:00,0,-6.616177623446214e-07,-0.007076905395947688,-1.9506702808639376e-05,-0.0461597452958641,0.03771921356684713,0.13011506782523186,2022-01-06 02:00:00,-0.16845039017908414
2022-01-11 12:00:00,4225.07570248,2022-01-11 12:00:00,0,1.8845085046294754e-05,0.20157391720954093,-9.996906983796543e-05,-0.037416298436565625,0.03782452404779536,0.13047834370178224,2022-01-06 02:00:00,-0.168366002332933
2022-01-11 10:00:00,4216.93462574,2022-01-11 10:00:00,0,0.00011881415488426018,1.27087962517157,0.0001322212264351871,-0.0506935326391271,0.03582479441266313,0.1235801363293981,2022-01-06 02:00:00,-0.16996843425873873
2022-01-11 08:00:00,4165.60691083,2022-01-11 08:00:00,0,-1.340707155092694e-05,-0.1434069373627102,-0.00010298051344907603,-0.08122643437429831,0.023216934803031854,0.08008844196172842,2022-01-06 02:00:00,-0.18007141838199686
2022-01-11 06:00:00,4171.39876574,2022-01-11 06:00:00,0,8.957344189814909e-05,0.9581102720945885,4.3402242391976034e-05,0.010083128117405452,0.024639614416037806,0.08499607488498072,2022-01-06 02:00:00,-0.17893139065423708
2022-01-11 04:00:00,4132.70303884,2022-01-11 04:00:00,0,4.617119950617305e-05,0.4938640246971139,-2.7414422839496848e-06,-0.04568317446948767,0.015134607362766787,0.052207887633306735,2022-01-06 02:00:00,-0.1865479836624029
2022-01-11 01:00:00,4102.78410156,2022-01-11 01:00:00,0,4.891264179012274e-05,0.5231874933162305,0.0002900960857021603,-0.24607663052105813,0.007785482985088499,0.026856568598963338,2022-01-10 05:00:00,-0.05504320831877119
2022-01-10 22:00:00,4071.08870968,2022-01-10 22:00:00,0,-0.0002411834439120376,-2.579786264482567,-8.440796911265617e-05,-0.34099484437367433,0.0,0.0,2022-01-10 14:00:00,-0.05219473898790594
2022-01-10 20:00:00,4175.27995745,2022-01-10 20:00:00,0,-0.00015677547479938143,-1.6769277771930466,-0.00012836614135802325,-0.20930123142609242,0.014237639028757609,0.05165872476687767,2022-01-06 02:00:00,-0.17816744434775905
2022-01-10 17:00:00,4276.87046512,2022-01-10 17:00:00,0,-2.8409333441358185e-05,-0.3038766136113838,-4.79828598919747e-05,-0.11953810415541907,0.038915485232364364,0.14119787253544563,2022-01-06 02:00:00,-0.15817108784010234
2022-01-10 14:00:00,4295.27971319,2022-01-10 14:00:00,0,1.957352645061651e-05,0.20936559270296756,1.5430243441357313e-05,-0.09312923779822567,0.04338736555873532,0.15742328986087495,2022-01-06 02:00:00,-0.15454754174422705
2022-01-10 11:00:00,4282.59606805,2022-01-10 11:00:00,0,4.143283009259196e-06,0.044318069365694907,9.960281429012293e-05,-0.07564079717949913,0.04030631939364694,0.14624426533898183,2022-01-06 02:00:00,-0.15704410068317737
2022-01-10 08:00:00,4279.91122066,2022-01-10 08:00:00,0,-9.545953128086374e-05,-1.0210700353965092,-0.00013744388807098695,-0.09331901383983025,0.03965413000617191,0.14387791288437887,2022-01-06 02:00:00,-0.15757256704101352
2022-01-10 05:00:00,4341.76899693,2022-01-10 05:00:00,0,4.1984356790123206e-05,0.4490800247872628,-0.0001269897320679014,-0.0417527351251245,0.05468030444214204,0.19839769723338613,2022-01-06 02:00:00,-0.14539692016774702
2022-01-10 02:00:00,4314.56313373,2022-01-10 02:00:00,0,0.0001689740888580246,1.8074086115478667,0.00021859514117283967,-0.02903185294853334,0.04807159538768155,0.17441917934715642,2022-01-06 02:00:00,-0.1507519297264441
2022-01-09 23:00:00,4205.06792415,2022-01-09 23:00:00,0,-4.962105231481507e-05,-0.530764911200199,-7.221836216049522e-05,-0.14555491401852683,0.021473579450756675,0.07791303939970148,2022-01-06 02:00:00,-0.17230419181134807
2022-01-09 21:00:00,4226.50421875,2022-01-09 21:00:00,0,2.2597309845680147e-05,0.24170908503737773,9.434716617284092e-05,-0.12415435861954505,0.02668077442838576,0.0968064143204647,2022-01-06 02:00:00,-0.16808482330088492
2022-01-09 18:00:00,4211.86116197,2022-01-09 18:00:00,0,-7.174985632716077e-05,-0.7674626866134096,-7.050332262345737e-05,-0.17891001665739165,0.023123758015579185,0.08390041695044459,2022-01-06 02:00:00,-0.17096705895902234
2022-01-09 15:00:00,4258.35506887,2022-01-09 15:00:00,0,-1.2465337037034024e-06,-0.013333380081434842,-1.304701115740581e-05,-0.029155118872185384,0.034417819933352696,0.12487889905213949,2022-01-06 02:00:00,-0.16181552739244903
2022-01-09 13:00:00,4258.89357143,2022-01-09 13:00:00,0,1.1800477453702407e-05,0.12622221971629402,-5.5632464614199936e-05,-0.08558319661663527,0.034548630219281104,0.1253535207604019,2022-01-06 02:00:00,-0.16170953235987157
2022-01-09 10:00:00,4251.24686204,2022-01-09 10:00:00,0,6.743294206790234e-05,0.7212873939384882,-7.28170512499988e-05,-0.3157831536194781,0.03269113070856844,0.11861391626665818,2022-01-06 02:00:00,-0.16321465651546258
2022-01-09 07:00:00,4207.55031558,2022-01-09 07:00:00,0,0.00014024999331790114,1.5001651874879576,0.00020379051019290206,-0.4163208210466284,0.022076589272556898,0.08010095260309023,2022-01-06 02:00:00,-0.17181557545176587
2022-01-09 04:00:00,4116.66831991,2022-01-09 04:00:00,0,-6.354051687500091e-05,-0.679652591460772,0.00016824370658178938,-0.5222513015433816,0.0,0.0,2022-01-06 02:00:00,-0.1897041442484479
2022-01-09 02:00:00,4144.1178232,2022-01-09 02:00:00,0,-0.0002317842234567903,-2.4792487672398704,-0.00012096710918209892,-0.45651138166385025,0.0,0.0,2022-01-06 02:00:00,-0.1843011782988345
2022-01-08 23:00:00,4294.314,2022-01-08 23:00:00,0,-0.00011081711427469139,-1.185340356030861,-5.872470189043187e-05,-0.26065884540487444,0.0018291272744849314,0.008126661422229745,2022-01-06 02:00:00,-0.1547376258935661
2022-01-08 20:00:00,4366.12349005,2022-01-08 20:00:00,0,-5.2092412384259514e-05,-0.5571994817425647,-7.889654173611141e-05,-0.1344734712379219,0.018581707255086566,0.0825569907657744,2022-01-06 02:00:00,-0.1406031541145962
2022-01-08 18:00:00,4388.6274122,2022-01-08 18:00:00,0,2.6804129351851905e-05,0.28670676399554595,1.0772236921295812e-05,-0.14045975621275197,0.0238316923953878,0.10588224117459549,2022-01-06 02:00:00,-0.1361736413534857
2022-01-08 15:00:00,4371.25833638,2022-01-08 15:00:00,0,1.6031892430556093e-05,0.17148298081809754,-3.297143722222194e-05,-0.2541435651641022,0.019779625855699506,0.08787924417830084,2022-01-06 02:00:00,-0.1395924473056466
2022-01-08 13:00:00,4364.33255885,2022-01-08 13:00:00,0,4.9003329652778035e-05,0.5241575238400452,7.460920773919819e-05,-0.24513492771732937,0.01816389732290536,0.0807006957418879,2022-01-06 02:00:00,-0.14095566833641915
2022-01-08 11:00:00,4343.16312044,2022-01-08 11:00:00,0,-2.560587808642016e-05,-0.2738898305202653,-1.6922833487655347e-05,-0.3769518882176132,0.013225236571227357,0.05875863388102399,2022-01-06 02:00:00,-0.14512251076315755
2022-01-08 08:00:00,4359.75572944,2022-01-08 08:00:00,0,-8.683044598764814e-06,-0.09287701853180559,-7.207428763888823e-05,-0.36637710372871873,0.0170961596089179,0.07595682525766198,2022-01-06 02:00:00,-0.14185653904428464
2022-01-08 05:00:00,4365.38234234,2022-01-08 05:00:00,0,6.339124304012342e-05,0.6780559039659038,-2.4181262584876576e-05,-0.547322986323514,0.018408803419109228,0.08178879330177438,2022-01-06 02:00:00,-0.1407490363842482
2022-01-08 02:00:00,4324.30481685,2022-01-08 02:00:00,0,8.7572505625e-05,0.9367075264092023,0.0002158655160262346,-0.7876302147014596,0.008825745097747055,0.039212056595947474,2022-01-06 02:00:00,-0.1488344457693316
2022-01-08 00:00:00,4286.47349442,2022-01-08 00:00:00,0,-0.00012829301040123462,-1.372268928139745,-5.874669947530931e-05,-0.9543665882302457,0.0,0.0,2022-01-06 02:00:00,-0.15628089551957525
2022-01-07 21:00:00,4369.60736516,2022-01-07 21:00:00,0,-6.954631092592531e-05,-0.7438927596438609,-0.000249806182993826,-0.8707460862448615,0.016692564330176737,0.07524926394253802,2022-01-06 02:00:00,-0.13991741279559422
2022-01-07 18:00:00,4414.67337464,2022-01-07 18:00:00,0,0.0001802598720679007,1.928125473520303,0.00027646439884259277,-0.871045029439353,0.02717823796476224,0.12251816806877913,2022-01-06 02:00:00,-0.13104693845101498
2022-01-07 15:00:00,4297.86497754,2022-01-07 15:00:00,0,-9.620452677469205e-05,-1.0290387794815328,0.0002793788443055538,-0.9576241692633918,0.0,0.0,2022-01-06 02:00:00,-0.15403867660717047
2022-01-07 12:00:00,4360.20551089,2022-01-07 12:00:00,0,-0.0003755833710802459,-4.017377006334877,-0.00027383005856481367,-0.8941819344656524,0.0,0.0,2022-01-06 02:00:00,-0.1417680072470625
2022-01-07 09:00:00,4603.58353535,2022-01-07 09:00:00,0,-0.0001017533125154322,-1.088390619750216,-6.374194668209816e-05,-0.6625194288929248,0.012357883925471444,0.07983826802994692,2022-01-06 02:00:00,-0.09386319945694918
2022-01-07 06:00:00,4669.51968186,2022-01-07 06:00:00,0,-3.8011365833334044e-05,-0.4065834614536028,-8.50989459259263e-05,-0.6194255555396704,0.026857670285922185,0.17351432428716507,2022-01-06 02:00:00,-0.08088479505092011
2022-01-07 04:00:00,4685.9405919,2022-01-07 04:00:00,0,4.708758009259226e-05,0.5036659663707926,-5.071170388889094e-05,-0.5959642840967087,0.030468734929927035,0.19684365386011018,2022-01-06 02:00:00,-0.07765261934010836
2022-01-07 01:00:00,4655.42784,2022-01-07 01:00:00,0,9.77992839814832e-05,1.0460968854216939,-3.7301916820966613e-06,-0.6705131238506605,0.023758782843898863,0.15349392211451265,2022-01-06 02:00:00,-0.08365853346551103
2022-01-06 23:00:00,4613.17854932,2022-01-06 23:00:00,0,0.00010152947566357986,1.085996378974285,0.00016369569580246892,-0.746492022312819,0.014467889742530195,0.09346998774693374,2022-01-06 02:00:00,-0.09197458481724968
2022-01-06 20:00:00,4547.38744909,2022-01-06 20:00:00,0,-6.216622013888905e-05,-0.664952611289506,0.00010233842398148132,-0.7386175761625715,0.0,0.0,2022-01-06 02:00:00,-0.10492443934011036
2022-01-06 17:00:00,4587.67115974,2022-01-06 17:00:00,0,-0.00016450464412037037,-1.759601797128758,-0.00019569640317129608,-0.5534685085400577,0.0,0.0,2022-01-06 02:00:00,-0.09699527884978858
2022-01-06 14:00:00,4694.27016913,2022-01-06 14:00:00,0,3.11917590509257e-05,0.33363845486000915,0.0002040119350385801,-0.42069018489338783,0.002878750076057123,0.023620751356729072,2022-01-06 02:00:00,-0.07601308431199152
2022-01-06 12:00:00,4680.79532922,2022-01-06 12:00:00,0,-0.0001728201759876544,-1.8485477651650644,-0.0001650096996296301,-0.4340997263158773,0.0,0.0,2022-01-06 02:00:00,-0.07866537642966867
2022-01-06 09:00:00,4792.78280326,2022-01-06 09:00:00,0,-7.81047635802432e-06,-0.083543709720165,0.00030537094125771756,-0.34203154249452794,0.0,0.0,2022-01-06 02:00:00,-0.056622554647835055
2022-01-06 06:00:00,4797.84399194,2022-01-06 06:00:00,0,-0.0003131814176157419,-3.349902905238119,2.7819851712959274e-05,-0.34308446148885885,0.0,0.0,2022-01-06 02:00:00,-0.05562634608938841
2022-01-06 04:00:00,4933.13836435,2022-01-06 04:00:00,0,-0.00034100126932870117,-3.6474742068371175,-0.00014798737124999662,-0.10844669441693566,0.0020872075574477253,0.03128835035728209,2022-01-05 18:00:00,-0.05153361567773159
2022-01-06 02:00:00,5080.450912699999,2022-01-06 02:00:00,0,-0.00019301389807870455,-2.064547197108947,-0.0002054386892669757,0.007134551781859254,0.032011367252829104,0.47986740487222895,2021-12-28 05:00:00,-0.08262073623377224
2022-01-06 00:00:00,5163.83291667,2022-01-06 00:00:00,0,1.242479118827114e-05,0.13290010759717044,8.247416808641879e-05,0.1153360460986114,0.04894907168104277,0.7337725943714818,2021-12-28 05:00:00,-0.06756441097293048
2022-01-05 21:00:00,5155.78165198,2022-01-05 21:00:00,0,-7.004937689814765e-05,-0.7492737371447091,-0.0001046126084259253,-0.0028919602291350155,0.047313587582560414,0.7092558186945802,2021-12-28 05:00:00,-0.06901823139175106
2022-01-05 18:00:00,5201.17364821,2022-01-05 18:00:00,0,3.4563231527777643e-05,0.3697009566876048,2.4006239336420464e-05,0.06449905994712407,0.056534236870708236,0.8474782510634887,2021-12-28 05:00:00,-0.060821778596928944
2022-01-05 15:00:00,5178.77667418,2022-01-05 15:00:00,0,1.055699219135718e-05,0.1129214468777791,-3.704683348767077e-06,0.04548267064020788,0.05198465412929318,0.7792775882760727,2021-12-28 05:00:00,-0.06486601008332533
2022-01-05 12:00:00,5171.93574324,2022-01-05 12:00:00,0,1.4261675540124256e-05,0.1525480939742201,4.349598881172925e-05,0.04994596867541704,0.05059502974083136,0.7584463802938709,2021-12-28 05:00:00,-0.06610128000267923
2022-01-05 09:00:00,5162.69417749,2022-01-05 09:00:00,0,-2.9234313271604992e-05,-0.3127008993916386,-3.070391755401218e-05,-0.0033386076651911816,0.04871775524903899,0.7303050381420569,2021-12-28 05:00:00,-0.06777003360929108
2022-01-05 06:00:00,5181.63801249,2022-01-05 06:00:00,0,1.469604282407191e-06,0.015719424519709358,7.98339001311725e-05,0.05060282996400962,0.052565888691385766,0.7879906032101277,2021-12-28 05:00:00,-0.06434933696172264
2022-01-05 04:00:00,5181.00314344,2022-01-05 04:00:00,0,-7.836429584876531e-05,-0.8382131492003416,-4.830518021604904e-05,0.05234700023622463,0.05243692532030406,0.7860573737508617,2021-12-28 05:00:00,-0.06446397554630595
2022-01-05 01:00:00,5231.78320715,2022-01-05 01:00:00,0,-3.005911563271627e-05,-0.3215232868971578,-0.00014483982424382666,0.10245124658712308,0.06275207330205906,0.9406869231163397,2022-01-01 07:00:00,0.05113883087055558
2022-01-04 22:00:00,5251.26151408,2022-01-04 22:00:00,0,0.00011478070861111039,1.2277364096787386,-3.950119629629649e-05,0.1703119710026474,0.06670877606565621,1.0,2022-01-01 07:00:00,0.055052296693404834
2022-01-04 20:00:00,5201.67624796,2022-01-04 20:00:00,0,0.00015428190490740688,1.6502556422715908,0.00011090208062499952,0.10978345087405501,0.056636331874496675,0.7571241156487579,2021-12-28 05:00:00,-0.06073102393822885
2022-01-04 18:00:00,5135.02646504,2022-01-04 18:00:00,0,4.3379824282407364e-05,0.46400645510409483,-2.797023881944552e-05,0.032759841304178215,0.043097507313387316,0.5478375466479105,2021-12-28 05:00:00,-0.07276600465863775
2022-01-04 16:00:00,5116.28638095,2022-01-04 16:00:00,0,7.135006310185288e-05,0.7631863521579707,6.397773013889051e-05,0.02584959689080365,0.03929076257035511,0.4994477944153079,2021-12-28 05:00:00,-0.07614990991445388
2022-01-04 13:00:00,5070.05154006,2022-01-04 13:00:00,0,7.372332962962378e-06,0.07885716783270942,1.665139814814733e-05,-0.003530363666497096,0.029898903032389696,0.3666147208648034,2021-12-28 05:00:00,-0.08449855554155554
2022-01-04 11:00:00,5066.86669222,2022-01-04 11:00:00,0,-9.27906518518495e-06,-0.09925227255942572,4.017157098771501e-07,-0.03799141448098478,0.029251952745824757,0.35868193823175937,2021-12-28 05:00:00,-0.08507364492178414
2022-01-04 09:00:00,5070.87524838,2022-01-04 09:00:00,0,-9.6807808950621e-06,-0.10354917061245253,-0.00011328743783950531,-0.03248721988845731,0.030066226044490035,0.33706148831219523,2021-12-28 05:00:00,-0.08434981816663654
2022-01-04 06:00:00,5077.1483944,2022-01-04 06:00:00,0,0.0001036066569444432,1.1082146691284214,0.000239300461666664,-0.03327097865401261,0.03134051411701006,0.2883980373159417,2021-12-28 05:00:00,-0.08321707342090147
2022-01-04 04:00:00,5032.390318600001,2022-01-04 04:00:00,0,-0.00013569380472222082,-1.451430529060014,-0.00013487868624999962,-0.09034526104313431,0.022248635503146014,0.17805166473338682,2021-12-28 05:00:00,-0.09129905892387234
2022-01-04 02:00:00,5091.01004224,2022-01-04 02:00:00,0,-8.151184722212041e-07,-0.008718805090656239,0.00019142685481481674,-0.010396137655634633,0.034156283501569074,0.27334634241726585,2021-12-28 05:00:00,-0.0807140695520406
2022-01-04 00:00:00,5091.36217342,2022-01-04 00:00:00,0,-0.00019224197328703794,-2.0562904074120496,-0.00018662945326389035,0.027523139034419986,0.03422781325094925,0.25564194735134127,2021-12-28 05:00:00,-0.0806504850694409
2022-01-03 22:00:00,5174.41070588,2022-01-03 22:00:00,0,-5.61252002314758e-06,-0.06003356544709678,-6.157046829475228e-05,0.14400723737087245,0.051097778339704934,0.3816409615278909,2021-12-28 05:00:00,-0.06565437490635082
2022-01-03 20:00:00,5176.83531453,2022-01-03 20:00:00,0,5.59579482716047e-05,0.5985466663804726,5.695144736882713e-05,0.15474622699287086,0.05159029834057421,0.3853195129798512,2021-12-28 05:00:00,-0.06521656225222246
2022-01-03 17:00:00,5140.57456405,2022-01-03 17:00:00,0,-9.934990972224282e-07,-0.010626829450718899,-1.989593917438332e-05,0.10659377228549849,0.04422451382193377,0.33030567133271116,2021-12-28 05:00:00,-0.07176418197152698
2022-01-03 15:00:00,5141.00375566,2022-01-03 15:00:00,0,1.890244007716089e-05,0.20218740758196216,0.00010427194566358156,0.10000613022315785,0.04431169715031559,0.3309568293742925,2021-12-28 05:00:00,-0.07168668265306839
2022-01-03 12:00:00,5128.75497449,2022-01-03 12:00:00,0,-8.536950558642067e-05,-0.9131434328379443,-0.00011273380743827243,0.08875284727298215,0.041823555522801134,0.3123733059023076,2021-12-28 05:00:00,-0.07389845047542429
2022-01-03 09:00:00,5184.07441411,2022-01-03 09:00:00,0,2.7364301851851756e-05,0.29269857378895586,-2.162730283950684e-05,0.13381871454030422,0.05306080424322162,0.3963024814151485,2021-12-28 05:00:00,-0.06390939484579593
2022-01-03 07:00:00,5172.25303571,2022-01-03 07:00:00,0,4.8991604691358596e-05,0.5240321093674312,3.361521024691365e-05,0.19248029566934516,0.050659482570198415,0.3783674020044997,2021-12-28 05:00:00,-0.06604398636132158
2022-01-03 04:00:00,5140.50647587,2022-01-03 04:00:00,0,1.537639444444494e-05,0.16447153478541596,5.854329236112958e-06,0.21215150847599273,0.04421068281028876,0.3302023697655077,2021-12-28 05:00:00,-0.071776476684243
2022-01-03 02:00:00,5133.86387347,2022-01-03 02:00:00,0,9.522065208331983e-06,0.10185148961933425,-9.36486732638911e-05,0.11014276972589541,0.04286134565444604,0.32012439091175826,2021-12-28 05:00:00,-0.072975934331589
2022-01-03 00:00:00,5129.7503413,2022-01-03 00:00:00,0,0.00010317073847222309,1.103551925828853,0.00010722468680555609,0.024580383030545782,0.04202574817856305,0.31388344982766286,2021-12-28 05:00:00,-0.07371871665119756
2022-01-02 21:00:00,5062.89570277,2022-01-02 21:00:00,0,-4.053948333333008e-06,-0.04336251302170127,-3.4513039074073295e-05,-0.020682687593950578,0.028445310516215398,0.21245337877894438,2021-12-28 05:00:00,-0.08579068823952551
2022-01-02 18:00:00,5065.52266129,2022-01-02 18:00:00,0,3.0459090740740284e-05,0.3258015668366035,1.404350160493797e-05,-0.001666224834444081,0.028978934617801426,0.21643893004635636,2021-12-28 05:00:00,-0.08531633718005605
2022-01-02 16:00:00,5052.36433409,2022-01-02 16:00:00,0,1.6415589135802315e-05,0.17558714101195574,7.347832221450606e-05,-0.019858879927280058,0.02630603343682829,0.1964754676430805,2021-12-28 05:00:00,-0.08769234213051344
2022-01-02 13:00:00,5041.72703233,2022-01-02 13:00:00,0,-5.706273307870375e-05,-0.6103638484570443,-5.8075377916667194e-05,-0.005478792255504887,0.024145237766944674,0.18033683766904693,2021-12-28 05:00:00,-0.08961312440451474
2022-01-02 11:00:00,5066.37813302,2022-01-02 11:00:00,0,1.0126448379634423e-06,0.010831619291123641,1.7431263726852768e-05,0.06308954187149567,0.029152709852498966,0.2177368288946938,2021-12-28 05:00:00,-0.08516186427217327
2022-01-02 09:00:00,5065.94067045,2022-01-02 09:00:00,0,-1.6418618888889326e-05,-0.17561954835829705,-1.8580495632715928e-05,0.07028650448320982,0.029063846412472553,0.21707312237362175,2021-12-28 05:00:00,-0.08524085708152979
2022-01-02 07:00:00,5073.03351381,2022-01-02 07:00:00,0,2.161876743826601e-06,0.02312422378072611,-1.1632709737656524e-05,0.08475156641506316,0.030504642731430352,0.22783419478027925,2021-12-28 05:00:00,-0.08396009922530476
2022-01-02 04:00:00,5071.63261768,2022-01-02 04:00:00,0,1.3794586481483124e-05,0.14755193868997943,-5.629153108024405e-05,0.01197204809834574,0.03022007335848629,0.2257087926074147,2021-12-28 05:00:00,-0.08421305965784028
2022-01-02 02:00:00,5065.67335632,2022-01-02 02:00:00,0,7.008611756172718e-05,0.7496667287104362,4.452682270061533e-05,0.003996760416484936,0.029009545873892827,0.216667560518911,2021-12-28 05:00:00,-0.08528912611197369
2022-01-01 23:00:00,5020.25755214,2022-01-01 23:00:00,0,2.555929486111185e-05,0.27339155931700015,5.5134758935186435e-05,-0.004569756277541718,0.0197840603860744,0.1477639160448652,2021-12-28 05:00:00,-0.09348987791883581
2022-01-01 20:00:00,5003.69512907,2022-01-01 20:00:00,0,-2.9575464074074586e-05,-0.3163499730596025,-1.6880308055555987e-05,-0.051127255841682234,0.01641967223014059,0.12263585035387761,2021-12-28 05:00:00,-0.09648056196307293
2022-01-01 17:00:00,5022.86002979,2022-01-01 17:00:00,0,-1.2695156018518598e-05,-0.13579202863519133,-1.1608341203703803e-05,0.022595887158404875,0.02031271159518409,0.1517123255905055,2021-12-28 05:00:00,-0.09301994738086786
2022-01-01 14:00:00,5031.08649089,2022-01-01 14:00:00,0,-1.0868148148147943e-06,-0.011624968471376215,4.231996967592065e-06,0.053151005938345174,0.02198378400850879,0.16419329253909035,2021-12-28 05:00:00,-0.09153449166896356
2022-01-01 11:00:00,5031.79074689,2022-01-01 11:00:00,0,-5.318811782406859e-06,-0.05689195475882502,-0.00013688393243055505,0.10025233367038063,0.02212684221533826,0.165261770922747,2021-12-28 05:00:00,-0.09140732385219204
2022-01-01 09:00:00,5034.08847358,2022-01-01 09:00:00,0,0.00013156512064814817,1.407268615240734,4.7631456064815137e-05,0.10949611534268684,0.022593588199831937,0.16874782045560968,2021-12-28 05:00:00,-0.0909924223295853
2022-01-01 07:00:00,4977.25234146,2022-01-01 07:00:00,0,8.393366458333304e-05,0.8977851526937347,0.00024975583140431995,-0.07799327003402506,0.011048247948261387,0.08251755961171935,2021-12-28 05:00:00,-0.10125534779339139
2022-01-01 04:00:00,4922.86332681,2022-01-01 04:00:00,0,-0.00016582216682098691,-1.773694501466433,-2.3359396635801275e-05,-0.13478273251689188,0.0,0.0,2021-12-28 05:00:00,-0.11107639617550646
2022-01-01 01:00:00,5030.31609091,2022-01-01 01:00:00,0,-0.00014246277018518564,-1.5238338575923087,-0.00016523252168209874,-0.10024189037529029,0.01788008749458017,0.13589044774765446,2021-12-28 05:00:00,-0.09167360313339908
2021-12-31 22:00:00,5122.63196599,2021-12-31 22:00:00,0,2.276975149691309e-05,0.24355358396342214,-6.955324737655979e-06,-0.014920849641554556,0.0365601245549492,0.27786059195672386,2021-12-28 05:00:00,-0.07500408482290367
2021-12-31 19:00:00,5107.87716702,2021-12-31 19:00:00,0,2.972507623456907e-05,0.3179502794089222,-1.0889534382714474e-05,-0.05732380399875156,0.03357450381161509,0.25516957661693107,2021-12-28 05:00:00,-0.07766836538553654
2021-12-31 16:00:00,5088.61531762,2021-12-31 16:00:00,0,4.0614610617283544e-05,0.4344287191039088,-1.7710450061728782e-05,-0.08854192094276936,0.02967688533232916,0.22554728755037895,2021-12-28 05:00:00,-0.08114648603368146
2021-12-31 13:00:00,5062.29704994,2021-12-31 13:00:00,0,5.8325060679012326e-05,0.6238661658289656,4.520126208333407e-05,-0.13555062310174404,0.024351406749137834,0.18507311932498424,2021-12-28 05:00:00,-0.08589878724527795
2021-12-31 10:00:00,5024.50241062,2021-12-31 10:00:00,0,1.3123798595678254e-05,0.14037694630197856,9.89683816743803e-05,-0.15924762423209926,0.016703694342479057,0.12694974249580643,2021-12-28 05:00:00,-0.09272338194946442
2021-12-31 07:00:00,5015.99818913,2021-12-31 07:00:00,0,-8.584458307870205e-05,-0.9182250353280361,-5.9300005424379836e-05,-0.16186020616409352,0.014982872517791686,0.11303423468078157,2021-12-28 05:00:00,-0.09425899297759155
2021-12-31 05:00:00,5053.08304902,2021-12-31 05:00:00,0,-2.654457765432221e-05,-0.2839305041770882,-8.301571692901476e-05,-0.0931437026150512,0.02248696167389241,0.16964680838645546,2021-12-28 05:00:00,-0.08756256345836982
2021-12-31 02:00:00,5070.28393534,2021-12-31 02:00:00,0,5.647113927469255e-05,0.604035944911983,0.0001049068377469147,-0.16606216036915164,0.02596754606580075,0.19394880283613208,2021-12-28 05:00:00,-0.08445659182326888
2021-12-30 23:00:00,5033.69063709,2021-12-30 23:00:00,0,-4.843569847222215e-05,-0.5180859332733886,-0.00013603026126543088,-0.2709618906040282,0.01856292398017594,0.13864447853371822,2021-12-28 05:00:00,-0.09106425984018571
2021-12-30 20:00:00,5065.0769697,2021-12-30 20:00:00,0,8.759456279320873e-05,0.9369434579418784,5.172770771604727e-05,-0.26834419722341063,0.024913921095631827,0.1860793914914981,2021-12-28 05:00:00,-0.08539681590718615
2021-12-30 17:00:00,5008.31569301,2021-12-30 17:00:00,0,3.586685507716145e-05,0.3836449906237937,-1.3936647561727002e-05,-0.307217336414069,0.013428326107292115,0.10029472041767118,2021-12-28 05:00:00,-0.09564622469295656
2021-12-30 14:00:00,4985.07397092,2021-12-30 14:00:00,0,4.9803502638888455e-05,0.5327164665489424,1.646194651234481e-05,-0.35473721019142895,0.008725383849400152,0.06516895156703353,2021-12-28 05:00:00,-0.09984299270941058
2021-12-30 12:00:00,4963.55885778,2021-12-30 12:00:00,0,3.3341556126543645e-05,0.3566334700946646,0.00019975798412037092,-0.41885468172696905,0.00437181941137752,0.032652647997768625,2021-12-28 05:00:00,-0.10372798618565512
2021-12-30 09:00:00,4941.95352941,2021-12-30 09:00:00,0,-0.00016641642799382727,-1.7800509361633683,-0.0001600931858024692,-0.5265644442337885,0.0,0.0,2021-12-28 05:00:00,-0.10762926986580094
2021-12-30 06:00:00,5049.79137475,2021-12-30 06:00:00,0,-6.3232421913580545e-06,-0.06763570951500118,0.00010460230415123622,-0.5011909478468198,0.0,0.0,2021-12-28 05:00:00,-0.08815694253421566
2021-12-30 03:00:00,5053.88883569,2021-12-30 03:00:00,0,-0.00011092554634259428,-1.1865001850592056,-0.00010406563067901493,-0.5377638243140968,0.0,0.0,2021-12-28 05:00:00,-0.08741706220370177
2021-12-30 01:00:00,5101.80867171,2021-12-30 01:00:00,0,-6.85991566357935e-06,-0.0733761651188013,3.776240402777866e-05,-0.4551879814238347,0.0,0.0,2021-12-28 05:00:00,-0.07876415626223607
2021-12-29 22:00:00,5106.25389706,2021-12-29 22:00:00,0,-4.4622319691358015e-05,-0.477296640108927,-2.473166533950546e-05,-0.42038666113516565,0.0,0.0,2021-12-28 05:00:00,-0.07796147995870888
2021-12-29 19:00:00,5135.16916022,2021-12-29 19:00:00,0,-1.9890654351852557e-05,-0.21275770863938032,-6.468809189816171e-06,-0.37124378694141735,0.0,0.0,2021-12-28 05:00:00,-0.07274023812700103
2021-12-29 16:00:00,5148.05830424,2021-12-29 16:00:00,0,-1.3421845162036385e-05,-0.14356496130663754,1.992638699845707e-05,-0.35883346036616204,0.0010738388505447398,0.011976548086858664,2021-12-28 05:00:00,-0.07041283970217088
2021-12-29 14:00:00,5153.85654135,2021-12-29 14:00:00,0,-3.334823216049345e-05,-0.35670487939376727,-5.1795633364195984e-05,-0.36612887984001413,0.0022013442398081994,0.02455164024883061,2021-12-28 05:00:00,-0.06936584946793461
2021-12-29 11:00:00,5175.46619579,2021-12-29 11:00:00,0,1.8447401203702528e-05,0.1973201454825718,9.720093626542144e-06,-0.33299145198773294,0.006403483852070788,0.0714181948612163,2021-12-28 05:00:00,-0.06546378462741952
2021-12-29 09:00:00,5167.49691847,2021-12-29 09:00:00,0,8.727307577160384e-06,0.09335047152608171,-2.10652447685199e-05,-0.36418625183892733,0.0048538053969868905,0.05413459730180031,2021-12-28 05:00:00,-0.06690280055065076
2021-12-29 06:00:00,5161.84162316,2021-12-29 06:00:00,0,2.9792552345680284e-05,0.3186720285547255,0.00017904537530864394,-0.3866572865267786,0.0037540959820503233,0.04186951424685427,2021-12-28 05:00:00,-0.06792397972096798
2021-12-29 03:00:00,5142.53604924,2021-12-29 03:00:00,0,-0.00014925282296296365,-1.596462743750896,-2.9197164675927664e-05,-0.3982696194395684,0.0,0.0,2021-12-28 05:00:00,-0.07140999572498889
2021-12-29 00:00:00,5239.25187852,2021-12-29 00:00:00,0,-0.00012005565828703598,-1.2841591993157948,-7.60250524537014e-05,-0.2750718944532677,0.0,0.0,2021-12-28 05:00:00,-0.053945975742503885
2021-12-28 22:00:00,5291.1159228999995,2021-12-28 22:00:00,0,-4.403060583333458e-05,-0.4709674524222731,-6.620888245370477e-05,-0.21571381769664844,0.0,0.0,2021-12-28 02:00:00,-0.05210833767893633
2021-12-28 20:00:00,5310.13714462,2021-12-28 20:00:00,0,2.217827662037019e-05,0.23722695251002765,6.627855891975394e-05,-0.18737624729928412,0.002713776303091376,0.04668209031491925,,
2021-12-28 17:00:00,5295.76562137,2021-12-28 17:00:00,0,-4.410028229938375e-05,-0.47171273736868463,1.3994032268516813e-05,-0.19255491825264132,0.0,0.0,2021-12-28 02:00:00,-0.05127535452826573
2021-12-28 14:00:00,5324.342604300001,2021-12-28 14:00:00,0,-5.809431456790056e-05,-0.6213980210907802,8.981969020061694e-05,-0.15085756701542904,0.0,0.0,,
2021-12-28 11:00:00,5361.98772014,2021-12-28 11:00:00,0,-0.0001479140047685175,-1.582142255028083,-2.4196466944442676e-05,-0.18023120794861908,0.00379319982949039,0.07736641253168224,,
2021-12-28 08:00:00,5457.83599523,2021-12-28 08:00:00,0,-0.00012371753782407482,-1.3233280011979338,-5.584892515432252e-05,-0.11148691062766448,0.021736517079052387,0.44333977194284907,,
2021-12-28 05:00:00,5538.00495974,2021-12-28 05:00:00,0,-6.78686126697523e-05,-0.725947485925985,-9.590290033950478e-05,-0.02143129609185183,0.03674458229901695,0.7494454919956113,,
2021-12-28 02:00:00,5581.98382075,2021-12-28 02:00:00,0,2.803428766975247e-05,0.29986498696551184,-2.3669966543210377e-05,0.05656293084256418,0.04497766374608359,0.9173680914559915,,
2021-12-27 23:00:00,5563.81760234,2021-12-27 23:00:00,0,5.1704254212962846e-05,0.5530476000772419,1.3628227731481316e-05,0.025126665971635216,0.04157684907467312,0.8480047985531001,,
2021-12-27 20:00:00,5530.31324561,2021-12-27 20:00:00,0,3.807602648148153e-05,0.4072750953785428,3.708240208333334e-05,0.019468632485984832,0.0353046516722223,0.7200765497048578,,
2021-12-27 18:00:00,5513.86440217,2021-12-27 18:00:00,0,9.936243981481896e-07,0.010628169715216174,2.6692307962962553e-05,-0.007135870479771033,0.03222533891510527,0.65727063601979,,
2021-12-27 15:00:00,5513.22053356,2021-12-27 15:00:00,0,-2.5698683564814365e-05,-0.2748825118359754,-4.8114598796295473e-05,-0.005199029401321475,0.032104803217144956,0.6548121801112214,,
2021-12-27 12:00:00,5529.87328051,2021-12-27 12:00:00,0,2.2415915231481112e-05,0.2397688219472941,7.597296314814785e-05,0.0075217966669292625,0.0352222878178845,0.7183966498264344,,
2021-12-27 09:00:00,5515.34776744,2021-12-27 09:00:00,0,-5.3557047916666744e-05,-0.5728657586962818,-4.397915473765509e-05,0.004699376584178085,0.03250303294362689,0.6629345060329538,,
2021-12-27 07:00:00,5538.48441214,2021-12-27 07:00:00,0,-9.577893179011656e-06,-0.10244864599788685,-1.9829042160492385e-05,0.040797197539206825,0.036834338390205695,0.7512761645386586,,
2021-12-27 04:00:00,5544.69088692,2021-12-27 04:00:00,0,1.0251148981480729e-05,0.10965003612450912,-4.781495833333478e-05,-0.11907171185850049,0.037996224150532304,0.7749740810969308,,
2021-12-27 01:00:00,5538.04814238,2021-12-27 01:00:00,0,5.806610731481551e-05,0.6210963060025169,5.7059106913581595e-05,-0.1038409398674388,0.03675266632356997,0.7496103744185258,,
2021-12-26 22:00:00,5500.42130484,2021-12-26 22:00:00,0,1.0070004012339178e-06,0.01077124433292013,-1.2940685524692223e-05,-0.1190817440317318,0.029708718141466476,0.6059414338392399,,
2021-12-26 19:00:00,5499.76876858,2021-12-26 19:00:00,0,1.394768592592614e-05,0.14918954630295495,-8.222670354938106e-06,-0.13671593829726542,0.029586559812388346,0.6034498826142919,,
2021-12-26 16:00:00,5490.7306681,2021-12-26 16:00:00,0,2.2170356280864247e-05,0.23714223366392426,0.00012694892978395075,-0.1532559899430611,0.027894578354257946,0.5689400910478243,,
2021-12-26 13:00:00,5476.36427723,2021-12-26 13:00:00,0,-0.00010477857350308651,-1.1207499169550108,-6.612159219135848e-05,-0.15996460533791246,0.025205112019370108,0.5140855167284538,,
2021-12-26 10:00:00,5544.26079286,2021-12-26 10:00:00,0,-3.8656981311728034e-05,-0.41348920057185506,-5.806707404320902e-05,-0.1298319698948219,0.03791570820845114,0.7733318713873345,,
2021-12-26 07:00:00,5569.31051675,2021-12-26 07:00:00,0,1.9410092731480988e-05,0.20761744591088138,-3.667946151234659e-05,-0.08416114943131581,0.04260515246136181,0.8689781581435361,,
2021-12-26 04:00:00,5556.73277666,2021-12-26 04:00:00,0,5.6089554243827575e-05,0.5999543719590872,7.801770509259336e-05,-0.1241376845661437,0.040250531259201576,0.8209531124114614,,
2021-12-26 01:00:00,5520.38674551,2021-12-26 01:00:00,0,-2.1928150848765778e-05,-0.23455151584028053,-6.463995155864262e-05,-0.014336970015002035,0.03344635698403026,0.6821746199582739,,
2021-12-25 22:00:00,5534.59618726,2021-12-25 22:00:00,0,4.2711800709876846e-05,0.45686103082118534,4.691897324074141e-05,0.08567033937967994,0.03610644159191725,0.73642992218173,,
2021-12-25 19:00:00,5506.9189404,2021-12-25 19:00:00,0,-4.207172530864564e-06,-0.045001455039306915,-8.279066682098628e-06,0.06703994294543915,0.030925110779890526,0.6307510771206642,,
2021-12-25 16:00:00,5509.6451882,2021-12-25 16:00:00,0,4.071894151234063e-06,0.04355446804885866,9.5530520987641e-06,0.09181863127615089,0.03143547916294585,0.6411605922112232,,
2021-12-25 13:00:00,5507.00660079,2021-12-25 13:00:00,0,-5.481157947530038e-06,-0.05862846867571288,-2.3411330663579806e-05,0.09483514147785665,0.030941521280617047,0.6310857870294829,,
2021-12-25 10:00:00,5510.55839114,2021-12-25 10:00:00,0,1.7930172716049768e-05,0.19178768054052409,0.00019181610225308743,0.10506604882142795,0.031606435709114915,0.6446474358446852,,
2021-12-25 07:00:00,5498.93963922,2021-12-25 07:00:00,0,-0.00017388592953703765,-1.8599474546438548,-8.792444523148199e-05,0.09887164655577822,0.029431342296648545,0.6002840535268004,,
2021-12-25 06:00:00,5536.499,2021-12-25 06:00:00,0,-8.596148430555566e-05,-0.9194754535758496,-0.00012041927845679068,0.24955003895575,0.03646265846309479,0.7436953504863518,,
2021-12-25 03:00:00,5592.20204183,2021-12-25 03:00:00,0,3.445779415123502e-05,0.36857315997255774,6.142763888902474e-07,0.34696883000004997,0.046890570184853035,0.9563838869133668,,
2021-12-25 00:00:00,5569.87339122,2021-12-25 00:00:00,0,3.384351776234477e-05,0.3620026352095356,6.086298139660408e-05,0.3450048000025493,0.042710525616772285,0.8711273575998557,,
2021-12-24 21:00:00,5547.94279171,2021-12-24 21:00:00,0,-2.701946363425931e-05,-0.28901005818115116,-1.4679633634259128e-05,0.34330501648185063,0.03860499837476909,0.7873906897355761,,
2021-12-24 19:00:00,5559.6152,2021-12-24 19:00:00,0,-1.2339830000000183e-05,-0.13199133167557164,-2.3848016790124246e-05,0.41356224699996197,0.040790136550883656,0.8319589458705869,,
2021-12-24 16:00:00,5567.61140984,2021-12-24 16:00:00,0,1.1508186790124062e-05,0.1230957719514511,6.839621248456926e-05,0.4817564443344037,0.042287070427038116,0.8624905310759925,,
2021-12-24 13:00:00,5560.1541048,2021-12-24 13:00:00,0,-5.6888025694445196e-05,-0.6084951144224715,-9.081681654321175e-05,0.5329936832462541,0.0408910224539907,0.8340166229636125,,
2021-12-24 10:00:00,5597.01754545,2021-12-24 10:00:00,0,3.392879084876656e-05,0.36291474730774903,7.805440081790353e-05,0.7232418161910417,0.047792058595457716,0.9747707179274192,,
2021-12-24 07:00:00,5575.03168898,2021-12-24 07:00:00,0,-4.4125609969136976e-05,-0.4719836513811927,-0.00027472417387345844,0.7953072299677001,0.04367618695067191,0.890823064781834,,
2021-12-24 04:00:00,5603.62508424,2021-12-24 04:00:00,0,0.00023059856390432148,2.4665665193284956,9.358260776234548e-05,1.1121299503049233,0.04902902571496437,1.0,,
2021-12-24 01:00:00,5454.19721483,2021-12-24 01:00:00,0,0.000137015956141976,1.465572743869313,0.00012391390837963086,0.6606510939637326,0.021055317641113895,1.0,,
2021-12-23 22:00:00,5365.41087525,2021-12-23 22:00:00,0,1.3102047762345136e-05,0.14014429143909216,-2.207216605709964e-05,0.2581902690109424,0.004434033042978073,1.0,,
2021-12-23 19:00:00,5356.9207483,2021-12-23 19:00:00,0,3.5174213819444774e-05,0.37623624658279264,,0.37623624658279264,0.002844635203425352,1.0,,
2021-12-23 17:00:00,5341.72548793,2021-12-23 17:00:00,0,,,,,0.0,,,
